{
	"what_is_prontospy":"What is Prontopsy?",
	"find_a_psycho":"Find a Psychologist",
	"how_it_works":"How it Works",
	"blogs":"Blog",
	"signin":"Login",
	"signup":"Signup",
	"myaccount":"My Account",
	"hire_professional_consultant":"Hire A Professional Psychologist",
	"book_now":"Book Now",
	"search_psycho_name_word_phrase":"Search Psychologist name, word or phrase",
	"country":"Country",
	"language":"Language",
	"intervention":"Intervention",
	"gender":"Gender",
	"status":"Status",
	"search":"Search",
	"welcome":"Welcome",
	"professional_consultant":"Professional Consultation",
	"in_real_time":"Direct Access in Real Time",
	"on_reservation":"Access on Resdid_not_received_codeervation",
	"consultant":"Consultants",
	"area_of_intervention":"Area of Intervention",
	"consulted":"Consultants",
	"satisfied_customers":"Satisfied Customers",
	"services_we_offered":"Services Provided",
	"professional_listening":"Professional Listening",
	"information_orientation":"Information and Orientation",
	"psychological_counseling":"Psychological Counseling",
	"psychotherapy":"Psychotherapy",
	"signup_now":"Signup Now",
	"getting_started_easy":"Getting Started Is Easy",
	"choose_your_psychologist":"Choose your Psychologist",
	"hire_him":"Hire Him",
	"start_consultant_immediately":"Start the consultant immediately",
	"available_consultant":"Available Consultants",
	"based_on":"Based on",
	"voice":"Voice",
	"chat":"Chat",
	"video":"Video",
	"video_conversation":"Video-Call",
	"view_more":"View More",
	"what_kind_of_psycho_looking_for":"What kind of Psychologist are you looking for?",
	"we_are_psychologist_consultation_portal":"We are the First Portal of Smart Psychology",
	"online_better":"Online is Better",
	"security":"Security",
	"privacy":"Privacy",
	"professional_expertise":"Professionalism and Expertise",
	"accessibility":"Accessibility",
	"immediacy":"Immediacy",
	"flexibility":"Flexibility",
	"convenience_pay_per_minute":"Convenience (pay per minute, what you need!)",
	"comfort":"Comfort",
	"proximity":"Proximity",
	"testimonial":"Testimonials",
	"blog":"Blog",
	"dashboard":"Dashboard",
	"appointments":"Appointments",
	"logout":"Logout",
	"personal_info":"Personal Info",
	"fiscal_info":"Fiscal Info",
	"payment_info":"Payment Info",
	"account_info":"Account Info",
	"membership_info":"Membership Info",
	"insurance_info":"Insurance Info",
	"biography_info":"Biography Info",
	"language_info":"Language Info",
	"services_offered_info":"Service Offered Info",
	"daily_schedule":"Daily Schedule",
	"intervention_specialization_info":"Intervention & Specialization Info",
	"personal_information":"Personal Information",
	"name":"Name",
	"surname":"Surname",
	"second_surname":"Second Surname",
	"address_residence":"Address Of Residence",
	"country_residence":"Country of Residence",
	"province_residence":"Province Of Residence",
	"city_residence":"City Of Residence",
	"country_birth_residence":"Country Of Birth",
	"province_birth_residence":"Province Of Birth",
	"city_birth_residence":"City Of Birth",
	"nationality":"Nationality",
	"zipcode":"Zip Code",
	"date_birth":"Date of Birth",
	"telephone":"Telephone",
	"email":"Email",
	"email_details":"Email Details",
	"save_changes":"Save Changes",
	"fiscal_information":"Fiscal Information",
	"business_name":"Business Name",
	"fiscal_code":"Fiscal Code",
	"country":"Country",
	"province":"Province",
	"city":"City",
	"business_address":"Business Address",
	"vat_no":"VAT No.",
	"pec":"PEC",
	"sdi":"SDI",
	"payment_information":"Payment Information",
	"connect_stripe":"Connect Stripe",
	"account_information":"Account Information",
	"profile_name":"Profile Name",
	"old_password":"Old Password",
	"new_password":"New Password",
	"confirm_password":"Confirm Password",
	"promotional_email_status":"I DO NOT want to receive promotional emails",
	"update_advice_email_status":"I DO NOT want to receive updates and advice emails",
	"close_my_account":"Close My Account",
	"membership_information":"Membership Information",
	"professional_qualification":"Professional Qualification",
	"professional_declaration":"I am authorized to exercise the above professions which is selected.",
	"member_name":"Membership Name",
	"region":"Region",
	"membership_reg_no":"Membership Regsitration No.",
	"membership_date_reg":"Membership Date of Regsitration",
	"insurance_information":"Insurance Information",
	"insurance_company_name":"Insurance Company Name",
	"insurance_number":"Insurance Number",
	"insurance_exp_date":"Insurance Expiration Date",
	"insurance_available_status":"I do not have insurance",
	"biography_information":"Biography Information",
	"short_description":"Short Description",
	"long_description":"Long Description",
	"intervention_specialization_area":"Intervention & Specilization Area",
	"intervention_area":"Intervention Area",
	"therapeutic_approach":"Therapeutic Approach",
	"mental_neuro_disorder":"Mental and Neuropsychological Disorders",
	"psychological_problems":"Psychological Problems",
	"other_topics":"Other Topics",
	"language_spoken":"Language Spoken",
	"languages":"Languages",
	"service_offered":"Service Offered",
	"service":"Service",
	"mode":"Mode",
	"currency":"Currency",
	"add_more":"Add More",
	"chat":"Chat",
	"audio":"Audio",
	"audio-video":"Audio Video",
	"price":"Price",
	"duration":"Duration",
	"first_half":"First Half",
	"second_half":"Second Half",
	"close":"Close",
	"past_appointments":"Past Appointments",
	"upcoming_appointments":"Upcoming Appointments",
	"edit":"Edit",
	"book_an_appointment":"Book an Appointment",
	"service_name":"Service Name",
	"cost":"Cost",
	"modes":"Mode",
	"available_time_slot":"Available Time Slots",
	"book_appointment":"Book Appointment",
	"experience_psychologist":"Experience Psychologist",
	"online_consultant":"Online Consultant",
	"filter":"Filter",
	"show":"Show",
	"clear_all":"Clear All",
	"search":"Search",
	"online_status":"Online Status",
	"book_consultant":"Book Consultant",
	"reviews":"Reviews",
	"about":"About",
	"add_review":"Add Review",
	"view_all_reviews":"View All Reviews",
	"service_cost":"Service Cost",
	"about_us":"About Us",
	"quick_links":"Quick Links",
	"work_with_us":"Work with us",
	"terms_of_service":"Terms of Service",
	"privacy_policies":"Privacy Policies",
	"payment_policies":"Payment Policies",
	"contact_us":"Contact Us",
	"contact":"Contact",
	"follow_us_on":"Follow Us On",
	"get_in_touch_with_us":"Get in touch with us",
	"phone":"Phone",
	"subject":"Subject",
	"your_message":"Your Message",
	"send_message":"Send Message",
	"office_address":"Office Address",
	"follow_us":"Follow Us",
	"how_can_we_help":"How Can We Help?",
	"star_conversation":"Start Conversation",
	"select_service_type":"Select Service Type",
	"continue":"Continue",
	"join":"Join",
	"you_have_appointment_with":"You have appointment with",
	"you_had_appointment_with":"You had appointment with",
	"email_me":"Email Me",
	"send":"Send",
	"add_to_wishlist":"Add to Wishlist",
	"added_to_wishlist":"Added to Wishlist",
	"enter_text":"Enter Text",
	"disconnect":"Disconnect",
	"mute":"Mute",
	"unmute":"Unmute",
	"change_password":"Change Password",
	"update_password":"Update Password",
	"any":"Any",
	"male":"Male",
	"female":"Female",
	"transactions":"Transactions",
	"reply":"Reply",
	"forgot_password":"Forgot Password",
	"send_otp":"Send OTP",
	"password":"Password",
	"remember_me":"Remember Me",
	"dont_have_an_account":"Dont have an account?",
	"otp_verification":"OTP Verification",
	"enter_otp":"Enter OTP",
	"verify":"Verify",
	"resend":"Resend",
	"i_did_not_received_any_code":"I did not recive any code.",
	"i_am_a_psychologist":"I Am A Psychologist",
	"i_am_a_client":"I am a Client",
	"select_timezone":"Select Timezone",
	"signin_now":"Signin Now",
	"already_have_an_account?":"Already have an account?",
	"empathy_and_flexibilit":"Empathy And Flexibility",
	"reliable_and_trustworth":"Reliable And Trustworth",
	"comunication":"Comunication",
	"personal_experience":"Personal Experience",
	"note_for_psychologist":"Note for Psychologist",
	"note_for_prontopsy":"Note for Prontopsy",
	"submit":"Submit",
	"wishlist":"Wishlist",
	"remove":"Remove",
	"you_can_not_call_yourself":"You cannot call yourself",
	"no_service_available_for_booking":"No service available for booking",
	"session_expire":"Session Expire",
	"you_need_to_login":"You Need to Login",
	"you_cannot_book_appointment_for_yourself":"You cannot book appointment for yourself",
	"sorry_you_have_added_duplicate_service":"Sorry You have added duplicate service",
	"account_close":"Account Close",
	"are_you_want_to_close_account":"Are you sure want to Close Account?",
	"details":"Details",
	"payments":"Payments",
	"accept_or_reject":"Accept Or Reject Call",
	"calling":"Calling",
	"appointment_details":"Appointment Details",
	"personal_email":"Personal Email",
	"time_slot_not_available":"No Time Slots available",
	"call":"Call",
	"select_date":"Select Date",
	"telephone_code":"Telephone Code",
	"download":"Download",
	"calling_msg":"You will be charge at the end of conversation based on the overall duration of the call, according the above price/minut established from consultant",
	"add_stripe_card":"Add Card",
	"signup_term_privacy_text":"I have read, understood and agree to the Prontopsy",
	"privacy_text":"Data and Privacy Policy.",
	"terms_text":"Terms and Conditions",
	"age_alert_msg":"Age should be 18 years old",
	"user_card_added_msg":"Your card has already been added. If you want to change or update your card, enter your card details and click the Add Card button.",
	"payment_amount":"Payment Amount",
	"payment_status":"Payment Status",
	"appointment_id":"Appointment ID",
	"signup_validation_msg":"Please accept our terms & and condition and privacy policies by clicking on checkbox",
	"address_information":"Address Information",
	"birth_information":"Birth Information",
	"connecting":"Connecting",
	"success_authorized":"Payment authorized successfully, now click the Call Now button to initiate the call",
	"msg_validation":"Enter text before sending",
	"file_validation":"Attach atleast one file before sending",
	"payment_pending":"The Payment is Pending will be authorised before 7 days of appointment.",
	"payment_captured":"The Payment is Captured successfully.",
	"payment_authorised":"The authorized payment will be captured automatically after a while.",
	"payment_release":"Payment will be transferred to client's account within 2-3 days as per stripe policy.",
	"less_than_one_minute_msg":"If the duration of the call is less than 1 minutes, you will be charged for 1 minutes",
	"are_you_registered_psychologist":"ARE YOU A REGISTERED PSYCHOLOGIST?",
	"footer_text":"Start offering online psychological consultations now! Anywhere you are in the World, any time you want, any field of expertise you are specialized in! You choose how much time to dedicate to your daily consultations.Whether you decide to be online in real-time or at scheduled times based on your availability, the more time you are avaiable online, the more users can reach you!You choose your rate fee per minutee.“A new concept of online psychological counseling is born! Feel Free, be Pronto!”",
	"website_by":"Website By",
	"no_notifications":"No Notifications",
	"set":"Set",
	"online":"Online",
	"offline":"Offline",
	"busy":"Busy",
	"consultant_business_information":"Consultant Business Information",
	"consultant_name":"Consultant Name",
	"servic_information":"Service Information",
	"direct_access_online_psychological_counseling":"Direct Access Online Psychological Counseling",
	"on_scheduled_online_psychological_counselling":"On Scheduled Online Psychological Counselling",
	"appointment_date":"Date of Appointment",
	"start_time":"Start Time",
	"end_time":"End Time",
	"client_business_information":"Client Business Information",
	"authorized":"Authorized",
	"captured":"Captured",
	"authorize_failed":"Authorize Failed",
	"payment_released":"Payment Released",
	"capture_failed":"Capture Failed",
	"total_duration_time":"Total Duration Time",
	"authorize_amount":"Authorize Amount",
	"payable_amount":"Payable Amount",
	"captured_amount":"Captured Amount",
	"total_amount":"Total Amount",
	"admin_percentage":"Admin percentage",
	"admin_amount":"Admin amount",
	"payout_amount":"Payout Amount",
	"total_amount_to_be_invoiced_to_the_customer":"Total amount to be invoiced to the customer",
	"disclaimer":"Disclaimer",
	"no_data_found":"No data found",
	"it_seems_no_reviews_given":"It seems no reviews given yet",
	"pending":"Pending"


}