{
	"what_is_prontospy":"¿Qué es Prontospy?",
	"find_a_psycho":"Busca un Psicólogo",
	"how_it_works":"Cómo funciona",
	"blogs":"Blog",
	"signin":"Iniciar sesión",
	"signup":"Regístrate",
	"myaccount":"Mi cuenta",
	"hire_professional_consultant":"Contrata A Uno Psicólogo Profesional",
	"book_now":"Reservar Ahora",
	"search_psycho_name_word_phrase":"Buscar el nombre del psicólogo, una palabra o una frase ",
	"country":"País",
	"language":"Idioma",
	"intervention":"Intervención",
	"gender":"Género",
	"status":"Estado",
	"search":"Buscar",
	"welcome":"Bienvenidos",
	"professional_consultant":"Consulta Profesional",
	"in_real_time":"Acceso Directo en Tiempo Real",
	"on_reservation":"Acceso en Reserva",
	"consultant":"Consultores",
	"area_of_intervention":"Área de Intervención",
	"consulted":"Consulta",
	"satisfied_customers":"Clientes satisfechos",
	"services_we_offered":"Servicios Ofrecidos",
	"professional_listening":"Escucha Profesional",
	"information_orientation":"Información y orientación",
	"psychological_counseling":"Asesoramiento psicológico",
	"psychotherapy":"Psicoterapia",
	"signup_now":"Regístrate ahora",
	"getting_started_easy":"Comenzar es fácil",
	"choose_your_psychologist":"Elige tu psicólogo",
	"hire_him":"Contratarlo",
	"start_consultant_immediately":"Iniciar el consultor inmediatamente",
	"available_consultant":"Consultores disponibles",
	"based_on":"Residente en",
	"voice":"Voz",
	"chat":"Chat",
	"video":"Video",
	"video_conversation":"Video-Conferencia",
	"view_more":"Ver más",
	"what_kind_of_psycho_looking_for":"¿Qué tipo de psicólogo estás buscando?",
	"we_are_psychologist_consultation_portal":"Somos el primer portal de psicología inteligente",
	"online_better":"En línea es mejor",
	"security":"Seguridad",
	"privacy":"Privacy",
	"professional_expertise":"Profesionalismo y Experiencia",
	"accessibility":"Accesibilidad",
	"immediacy":"Inmediación",
	"flexibility":"Flexibilidad",
	"convenience_pay_per_minute":"Conveniencia (paga por minuto, ¡lo que necesitas!)",
	"comfort":"Comodidad",
	"proximity":"Proximidad",
	"testimonial":"Testimonios",
	"blog":"Blog",
	"dashboard":"Tablero",
	"appointments":"Equipo",
	"logout":"Cerrar sesión",
	"personal_info":"Información personal",
	"fiscal_info":"Información fiscal",
	"payment_info":"Información de pago",
	"account_info":"Informacion de cuenta",
	"membership_info":"Información de membresía",
	"insurance_info":"Información del seguro",
	"biography_info":"Información de biografía",
	"language_info":"Información de idioma",
	"services_offered_info":"Información de servicio ofrecido",
	"daily_schedule":"Horario diario",
	"intervention_specialization_info":"Información de intervención y especialización",
	"personal_information":"Informacion personal",
	"name":"Nombre",
	"surname":"Apellido",
	"second_surname":"Segundo apellido",
	"address_residence":"Dirección de residencia",
	"country_residence":"País de residencia",
	"province_residence":"Provincia de residencia",
	"city_residence":"Ciudad de residencia",
	"country_birth_residence":"País de nacimiento",
	"province_birth_residence":"Lugar de nacimiento",
	"city_birth_residence":"Ciudad de nacimiento",
	"nationality":"Nacionalidad",
	"zipcode":"Código postal",
	"date_birth":"Data Di nascita",
	"telephone":"Teléfono",
	"email":"Correo electrónico",
	"email_details":"Detalles de correo electrónico",
	"save_changes":"Guardar cambios",
	"fiscal_information":"Informacion fiscal",
	"business_name":"Nombre del Negocio",
	"fiscal_code":"Código Fiscal",
	"country":"País",
	"province":"Provincias",
	"city":"Ciudad",
	"business_address":"Dirección de Negocios",
	"vat_no":"IVA no",
	"pec":"PEC",
	"sdi":"IDE",
	"payment_information":"Información del pago",
	"connect_stripe":"Conectarse a Stripe",
	"account_information":"Información de la cuenta",
	"profile_name":"Nombre de perfil",
	"old_password":"Contraseña anterior",
	"new_password":"Nueva contraseña",
	"confirm_password":"Confirmar contraseña",
	"promotional_email_status":"NO quiero recibir correos electrónicos promocionales",
	"update_advice_email_status":"NO deseo recibir actualizaciones y correos electrónicos de consejos",
	"close_my_account":"Cerrar mi cuenta",
	"membership_information":"Informazioni relative all' Ordine Professionale di Appartenenza",
	"professional_qualification":"Qualifica professionale",
	"professional_declaration":"Sono autorizzato ad esercitare le professioni sopra selezionate",
	"member_name":"Ordine professionale di appartenenza",
	"region":"Región",
	"membership_reg_no":"Número de registro de membresía",
	"membership_date_reg":"Fecha de membresía de registro",
	"insurance_information":"Información del seguro",
	"insurance_company_name":"Nombre de la compañía de seguros",
	"insurance_number":"Numero de seguro",
	"insurance_exp_date":"Fecha de vencimiento del seguro",
	"insurance_available_status":"No tengo seguro",
	"biography_information":"Biografía",
	"short_description":"Breve Descripción",
	"long_description":"Descripción Larga",
	"intervention_specialization_area":"Área De Intervención Y Especializaciónes",
	"intervention_area":"Área De Intervención",
	"therapeutic_approach":"Enfoque Terapéutico",
	"mental_neuro_disorder":"Trastornos Mentales Y Neuropsicológicos Tratados",
	"psychological_problems":"Problemas Psicológicos Tratados",
	"other_topics":"Otros Temas Tratados",
	"language_spoken":"Idioma Hablado",
	"languages":"Idiomas",
	"service_offered":"Servicio Ofrecido",
	"service":"Servicio",
	"mode":"Modo",
	"currency":"Moneda",
	"add_more":"Añadir Más",
	"chat":"Charla",
	"audio":"Audio",
	"audio-video":"Audio Video",
	"price":"Precio",
	"duration":"Duración",
	"first_half":"Primera Mitad",
	"second_half":"Segunda Mitad",
	"close":"Cerrar",
	"past_appointments":"Citas Anteriores",
	"upcoming_appointments":"Próximas citas",
	"edit":"Editar",
	"book_an_appointment":"Reservar una cita",
	"service_name":"Nombre Del Servicio",
	"cost":"Costo",
	"modes":"Modo",
	"available_time_slot":"Horarios Disponibles",
	"book_appointment":"Reservar una cita",
	"experience_psychologist":"Experiencia De Lo Psicólogo",
	"online_consultant":"Consultor En Línea",
	"filter":"Filtrar",
	"show":"Mostrar",
	"clear_all":"Limpiar Todo",
	"search":"Buscar",
	"online_status":"Estado en línea",
	"book_consultant":"Reservar Un Consultor",
	"reviews":"Reseñas",
	"about":"Acerca De",
	"add_review":"Agrega Una Reseña",
	"view_all_reviews":"Ver Todas Las Reseñas",
	"service_cost":"Costo Del Servicio",
	"about_us":"Sobre Nosotros",
	"quick_links":"Enlaces Rápidos",
	"work_with_us":"Trabaja Con Nosotros",
	"terms_of_service":"Términos De Servicio",
	"privacy_policies":"Políticas De Privacidad",
	"payment_policies":"Políticas De Pago",
	"contact_us":"Contáctenos",
	"contact":"Contacto",
	"follow_us_on":"Siga Con Nosotros",
	"get_in_touch_with_us":"Póngase En Contacto Con Nosotros",
	"phone":"Teléfono",
	"subject":"Tema",
	"your_message":"Tu Mensaje",
	"send_message":"Enviar Mensaje",
	"office_address":"Dirección De La Oficina",
	"follow_us":"Síguenos",
	"how_can_we_help":"¿Cómo Podemos Ayudarte?",
	"star_conversation":"Iniciar Conversación",
	"select_service_type":"Seleccione el tipo de servicio",
	"continue":"Seguir",
	"join":"Unirse",
	"you_have_appointment_with":"Tienes Cita Con",
	"you_had_appointment_with":"Tuviste Cita Con",
	"email_me":"Envíeme Un Correo Electrónico",
	"send":"Enviar",
	"add_to_wishlist":"Añadir A La Lista De Favoritos",
	"added_to_wishlist":"Añadido A La Lista De Favoritos",
	"enter_text":"Ingrese Texto",
	"disconnect":"Desconectarse",
	"mute":"Mudo",
	"unmute":"Activar Sonido",
	"change_password":"Cambia La Contraseña",
	"update_password":"Actualiza Contraseña",
	"any":"Alguna",
	"male":"Masculino",
	"female":"Hembra",
	"transactions":"Mis Transacciones",
	"reply":"Responder",
	"forgot_password":"Se Te Olvidó Tu Contraseña",
	"send_otp":"Enviar OTP",
	"password":"Contraseña",
	"remember_me":"Recuérdame",
	"dont_have_an_account":"¿No Tienes Una Cuenta?",
	"otp_verification":"Verificación OTP",
	"enter_otp":"Ingrese OTP",
	"verify":"Verificar",
	"resend":"Reenviar",
	"i_did_not_received_any_code":"No recibí ningún código.",
	"i_am_a_psychologist":"Soy Un Psicólogo",
	"i_am_a_client":"Soy Un Cliente",
	"select_timezone":"Selecciona La Zona Horaria",
	"signin_now":"Regístrate Ahora",
	"already_have_an_account?":"¿Ya Tienes Una Cuenta?",
	"empathy_and_flexibilit":"Empatía Y Flexibilidad",
	"reliable_and_trustworth":"Confianza",
	"comunication":"Comunicacion",
	"personal_experience":"Experiencia Personal",
	"note_for_psychologist":"Nota Para El Psicólogo",
	"note_for_prontopsy":"Nota Para Prontopsy",
	"submit":"Enviar",
	"wishlist":"Lista De Favoritos",
	"remove":"Eliminar",
	"you_can_not_call_yourself":"No Puedes Llamarte A Ti Mismo",
	"no_service_available_for_booking":"No Hay Servicio Disponible Para Reservar",
	"session_expire":"La Sesión Ya Expiró",
	"you_need_to_login":"Necesitas Iniciar Sesión",
	"you_cannot_book_appointment_for_yourslef":"No Puedes Reservar Una Cita Para Ti",
	"sorry_you_have_added_duplicate_service":"Lo Sentimos. Ha Agregado Un Servicio Duplicado",
	"account_close":"Cerrar Cuenta",
	"are_you_want_to_close_accouny":"¿Está Seguro De Que Desea Cerrar La Cuenta?",
	"details":"Detalles",
	"payments":"Pagos",
	"accept_or_reject":"Aceptar o rechazar una llamada",
	"calling":"Llamada",
	"appointment_details":"Detalles de la cita",
	"personal_email":"Email personal",
	"time_slot_not_available":"No hay franjas horarias disponibles",
	"call":"Llamada",
	"select_date":"Seleccione fecha",
	"telephone_code":"Código telefónico",
	"download":"Descargar",
	"calling_msg":"El costo total de la consulta se le cobrará al final de la conversación en función de la duración total de la llamada, según el precio / minuto indicado anteriormente por el consultor",
	"add_stripe_card":"Agregar tarjeta",
	"signup_term_privacy_text":"He leído, entendido y estoy de acuerdo con ProntoPsy",
	"privacy_text":"Política de datos y privacidad.",
	"terms_text":"Términos y Condiciones",
	"age_alert_msg":"La edad debe ser de 18 años.",
	"user_card_added_msg":"Tu tarjeta ya ha sido agregada. Si desea cambiar o actualizar su tarjeta, ingrese los detalles de su tarjeta y haga clic en el botón Agregar tarjeta.",
	"payment_amount":"Monto del pago",
	"payment_status":"Estado de pago",
	"appointment_id":"ID de cita",
	"signup_validation_msg":"Acepte nuestros términos y condiciones, políticas de privacidad haciendo clic en la casilla de verificación",
	"address_information":"Datos del Domicilio",
	"birth_information":"Información de nacimiento",
	"connecting":"Conectando",
	"success_authorized":"Pago autorizado con éxito, ahora haga clic en el botón Llamar ahora para iniciar la llamada",
	"msg_validation":"Ingrese texto antes de enviar",
	"file_validation":"Adjunte al menos un archivo antes de enviar",
	"payment_pending":"El pago pendiente se autorizará antes de los 7 días de la cita.",
	"payment_captured":"El pago se captura con éxito.",
	"payment_authorised":"El pago autorizado se capturará automáticamente después de un tiempo.",
	"payment_release":"El pago se transferirá a la cuenta del cliente dentro de 2-3 días según la política de franjas",
	"less_than_one_minute_msg":"Si la duración de la llamada es inferior a 1 minutos, se cobrará por 1 minutos.",
	"are_you_registered_psychologist":"¿Eres un psicólogo registrado?",
	"footer_text":"¡Empiece a ofrecer consultas psicológicas online ahora! ¡En cualquier lugar del mundo, en cualquier momento que desee, en cualquier campo de especialización en el que esté especializado! Usted elige cuánto tiempo dedicar a sus consultas diarias, ya sea que decida estar en línea en tiempo real o en horarios programados según su disponibilidad, cuanto más tiempo esté disponible en línea, ¡más usuarios podrán comunicarse con usted! tarifa por minuto. “¡Ha nacido un nuevo concepto de asesoramiento en línea! ¡Siéntete libre, pronto! ”",
	"website_by":"Sitio web por",
	"no_notifications":"No Notificaciones",
	"set":"Conjunto",
	"online":"En línea",
	"offline":"Desconectado",
	"busy":"Ocupado",
	"consultant_business_information":"Información comercial del consultor",
	"consultant_name":"Nombre del consultor",
	"servic_information":"Servicio de información",
	"direct_access_online_psychological_counseling":"Asesoramiento psicológico en línea de acceso directo",
	"on_scheduled_online_psychological_counselling":"Con asesoramiento psicológico en línea programado",
	"appointment_date":"Fecha de nombramiento",
	"start_time":"Hora de inicio",
	"end_time":"Hora de finalización",
	"client_business_information":"Información comercial del cliente",
	"authorized":"Autorizado",
	"captured":"Capturado",
	"authorize_failed":"Autorizar fallido",
	"payment_released":"Pago liberado",
	"capture_failed":"Captura fallida",
	"total_duration_time":"Tiempo de duración total",
	"authorize_amount":"Autorizar cantidad",
	"payable_amount":"Cantidad a pagar",
	"captured_amount":"Cantidad capturada",
	"total_amount":"Cantidad total",
	"admin_percentage":"Porcentaje de administración",
	"admin_amount":"Importe administrativo",
	"payout_amount":"Cantidad a pagar",
	"total_amount_to_be_invoiced_to_the_customer":"Importe total a facturar al cliente",
	"disclaimer":"Descargo de responsabilidad",
	"no_data_found":"Datos no encontrados",
	"it_seems_no_reviews_given":"Parece que aún no se han dado críticas",
	"pending":"Pendiente"
}