{
	"what_is_prontospy":"Che cos'è Prontospy?",
	"find_a_psycho":"Trova uno Psicologo",
	"how_it_works":"Come funziona",
	"blogs":"Blog",
	"signin":"Accedi",
	"signup":"Registrati",
	"myaccount":"Il mio account",
	"hire_professional_consultant":"Contatta Uno Psicologo Professionista",
	"book_now":"Prenota Ora",
	"search_psycho_name_word_phrase":"Cerca il nome dello psicologo, una parola o una frase",
	"country":"Nazione",
	"language":"Lingua",
	"intervention":"Intervento",
	"gender":"Genere",
	"status":"Stato",
	"search":"Ricerca",
	"welcome":"Benvenuto",
	"professional_consultant":"Consulenza Professionale",
	"in_real_time":"Accesso Diretto in tempo reale",
	"on_reservation":"Accesso su Prenotazione",
	"consultant":"Consulenti",
	"area_of_intervention":"Area di Intervento",
	"consulted":"Consulenza",
	"satisfied_customers":"Clienti soddisfatti",
	"services_we_offered":"Servizi Offerti",
	"professional_listening":"Ascolto Professionale",
	"information_orientation":"Informazione e orientamento",
	"psychological_counseling":"Assistenza psicologica",
	"psychotherapy":"Psicoterapia",
	"signup_now":"Iscriviti ora",
	"getting_started_easy":"Cominciare è Facile",
	"choose_your_psychologist":"Scegli il tuo psicologo",
	"hire_him":"Contattalo",
	"start_consultant_immediately":"Avviare la consulenza immediatamente",
	"available_consultant":"Consulenti disponibili",
	"based_on":"Residente in",
	"voice":"Voce",
	"chat":"Chat",
	"video":"Video",
	"video_conversation":"Video-Chiamata",
	"view_more":"Vedi di più",
	"what_kind_of_psycho_looking_for":"Che tipo di psicologo stai cercando?",
	"we_are_psychologist_consultation_portal":"Siamo il primo portale della psicologia intelligente",
	"online_better":"Online è meglio",
	"security":"Sicurezza",
	"privacy":"Privacy",
	"professional_expertise":"Professionalità e Competenza",
	"accessibility":"Accessibilità",
	"immediacy":"Immediatezza",
	"flexibility":"Flessibilità",
	"convenience_pay_per_minute":"Convenienza (paga al minuto, il tempo che desideri)",
	"comfort":"Comfort",
	"proximity":"Prossimità",
	"testimonial":"Testimonianze",
	"blog":"Blog",
	"dashboard":"Pannello di controllo",
	"appointments":"Appuntamenti",
	"logout":"Disconnettersi",
	"personal_info":"Informazioni personali",
	"fiscal_info":"Informazioni fiscali",
	"payment_info":"Informazioni sul pagamento",
	"account_info":"Informazioni sull'account",
	"membership_info":"Informazioni sull'iscrizione",
	"insurance_info":"Informazioni sull'assicurazione",
	"biography_info":"Informazioni sulla biografia",
	"language_info":"Informazioni sulla lingua",
	"services_offered_info":"Informazioni sul servizio offerto",
	"daily_schedule":"Programma giornaliero",
	"intervention_specialization_info":"Informazioni su interventi e specializzazioni",
	"personal_information":"Informazione personale",
	"name":"Nome",
	"surname":"Cognome",
	"second_surname":"Secondo Cognome",
	"address_residence":"Indirizzo di residenza",
	"country_residence":"Paese di residenza",
	"province_residence":"Provincia Di Residenza",
	"city_residence":"Città di residenza",
	"country_birth_residence":"Paese di nascita",
	"province_birth_residence":"Provincia Di Nascita",
	"city_birth_residence":"Città di nascita",
	"nationality":"Nazionalità",
	"zipcode":"Cap",
	"date_birth":"Data di nascita",
	"telephone":"Telefono",
	"email":"E-mail",
	"email_details":"Dettagli email",
	"save_changes":"Salvare le modifiche",
	"fiscal_information":"Informazioni fiscali",
	"business_name":"Nome commerciale",
	"fiscal_code":"Codice fiscale",
	"country":"Nazione",
	"province":"Provincia",
	"city":"Città",
	"business_address":"Indirizzo sede di lavoro",
	"vat_no":"Partita IVA",
	"pec":"PEC",
	"sdi":"SDI",
	"payment_information":"Informazioni sul pagamento",
	"connect_stripe":"Connessione a Stripe",
	"account_information":"Informazioni account",
	"profile_name":"Nome del profilo",
	"old_password":"Vecchia password",
	"new_password":"Nuova password",
	"confirm_password":"Conferma password",
	"promotional_email_status":"Non desidero ricevere e-mail promozionali",
	"update_advice_email_status":"NON desidero ricevere aggiornamenti e e-mail di consulenza",
	"close_my_account":"Chiudi il mio account",
	"membership_information":"Información de membresía",
	"professional_qualification":"Cualificación profesional",
	"professional_declaration":"Estoy autorizado para ejercer las profesiones antes mencionadas que se seleccionen.",
	"member_name":"Institución de pertenencia",
	"region":"Región",
	"membership_reg_no":"Número de registro de membresía",
	"membership_date_reg":"Fecha de membresía de registro",
	"insurance_information":"Información del seguro",
	"insurance_company_name":"Nombre de la compañía de seguros",
	"insurance_number":"Numero de seguro",
	"insurance_exp_date":"Data di scadenza dell'assicurazione",
	"insurance_available_status":"Non Ho L' Assicurazione",
	"biography_information":"Biografia",
	"short_description":"Descrizione Breve",
	"long_description":"Descrizione Estesa",
	"intervention_specialization_area":"Area Di Intervento E Specializzazioni",
	"intervention_area":"Area Di Intervento",
	"therapeutic_approach":"Approccio Terapeutico",
	"mental_neuro_disorder":"Disturbi Mentali E Neuropsicologici Trattati",
	"psychological_problems":"Problematiche Psicologiche Trattate",
	"other_topics":"Altre Tematiche Trattate",
	"language_spoken":"Lingua Parlata",
	"languages":"Lingue",
	"service_offered":"Servizio Offerto",
	"service":"Servizio",
	"mode":"Modalità",
	"currency":"Valuta",
	"add_more":"Aggiungere Altro",
	"chat":"Chat",
	"audio":"Audio",
	"audio-video":"Audio video",
	"price":"Prezzo",
	"duration":"Durata",
	"first_half":"Prima Metà",
	"second_half":"Seconda Metà",
	"close":"Chiudi",
	"past_appointments":"Appuntamenti Passati",
	"upcoming_appointments":"Prossimi Appuntamenti",
	"edit":"Modifica",
	"book_an_appointment":"Prenota un appuntamento",
	"service_name":"Tipologia Di Servizio",
	"cost":"Costo",
	"modes":"Modalità",
	"available_time_slot":"Fasce Orarie Disponibili",
	"book_appointment":"Prenota un appuntamento",
	"experience_psychologist":"Esperienza Dello Psicologo",
	"online_consultant":"Consulente Online",
	"filter":"Filtro",
	"show":"Mostra",
	"clear_all":"Cancella Tutto",
	"search":"Ricerca",
	"online_status":"Stato Online",
	"book_consultant":"Prenota Un Consulente",
	"reviews":"Recensioni",
	"about":"Approfondisci",
	"add_review":"Aggiungi Recensione",
	"view_all_reviews":"Visualizza Tutte Le Recensioni",
	"service_cost":"Costo Del Servizio",
	"about_us":"Su Di Noi",
	"quick_links":"Link Rapidi",
	"work_with_us":"Lavora Con Noi",
	"terms_of_service":"Termini Di Servizio",
	"privacy_policies":"Norme Sulla Privacy",
	"payment_policies":"Politiche Di Pagamento",
	"contact_us":"Contattaci",
	"contact":"Contatto",
	"follow_us_on":"Seguici Su",
	"get_in_touch_with_us":"Contattaci",
	"phone":"Telefono",
	"subject":"Oggetto",
	"your_message":"Il Tuo Messaggio",
	"send_message":"Invia Messaggio",
	"office_address":"Indirizzo Dell'ufficio",
	"follow_us":"Seguici",
	"how_can_we_help":"Come Possiamo Aiutarti?",
	"star_conversation":"Inizia Il Colloquio",
	"select_service_type":"Seleziona il tipo di servizio",
	"continue":"Continua",
	"join":"Partecipa",
	"you_have_appointment_with":"Hai Appuntamento Con",
	"you_had_appointment_with":"Avevi Appuntamento Con",
	"email_me":"Mandami Un'email",
	"send":"Inviare",
	"add_to_wishlist":"Aggiungi Alla Lista Dei Preferiti",
	"added_to_wishlist":"Aggiunto Alla Lista Dei Preferiti",
	"enter_text":"Inserire Il Testo",
	"disconnect":"Disconnettersi",
	"mute":"Muto",
	"unmute":"Attiva",
	"change_password":"Cambia La Password",
	"update_password":"Aggiorna La Password",
	"any":"Qualunque",
	"male":"Maschio",
	"female":"Femmina",
	"transactions":"Le Mie Transazioni",
	"reply":"Rispondere",
	"forgot_password":"Password Dimenticata",
	"send_otp":"Invia OTP",
	"password":"Password",
	"remember_me":"Ricordami La Password",
	"dont_have_an_account":"Non Hai Un Account?",
	"otp_verification":"Verifica OTP",
	"enter_otp":"Inserisci OTP",
	"verify":"Verifica",
	"resend":"Rispedisci",
	"i_did_not_received_any_code":"Non ho ricevuto alcun codice.",
	"i_am_a_psychologist":"Sono Uno Psicologo",
	"i_am_a_client":"Sono Un Cliente",
	"select_timezone":"Seleziona Il Fuso Orario",
	"signin_now":"Registrati Ora",
	"already_have_an_account?":"Hai Già Un Account?",
	"empathy_and_flexibilit":"Empatia E Flessibilità",
	"reliable_and_trustworth":"Affidabilità",
	"comunication":"Comunicazione",
	"personal_experience":"Esperienza Personale",
	"note_for_psychologist":"Nota Per Lo Psicologo",
	"note_for_prontopsy":"Nota Per Prontopsy",
	"submit":"Invia",
	"wishlist":"Lista Dei Preferiti",
	"remove":"Rimuovere",
	"you_can_not_call_yourself":"Non Puoi Chiamare Te Stesso",
	"no_service_available_for_booking":"Nessun Servizio Disponibile Per La Prenotazione",
	"session_expire":"Sessione Scaduta",
	"you_need_to_login":"Devi Effettuare Il Login",
	"you_cannot_book_appointment_for_yourslef":"Non Puoi Prenotare Un Appuntamento Per Te",
	"sorry_you_have_added_duplicate_service":"Spiacente, Hai Aggiunto Un Servizio Duplicato",
	"account_close":"Chiusura Account",
	"are_you_want_to_close_accouny":"Sei Sicuro Di Voler Chiudere L'account ?",
	"details":"Dettagli",
	"payments":"Pagamenti",
	"accept_or_reject":"Accetta o rifiuta la chiamata",
	"calling":"Sto Chiamando",
	"appointment_details":"Dettagli Appuntamento",
	"personal_email":"E-mail personale",
	"time_slot_not_available":"Nessuna fascia oraria disponibile",
	"call":"Chiamata",
	"select_date":"Seleziona la data",
	"telephone_code":"Codice del telefono",
	"download":"Scarica",
	"calling_msg":"Il costo totale della consulenza ti verrà addebitato al termine della conversazione in base alla durata complessiva della chiamata, secondo il prezzo / minuto sopra indicato dal consulente",
	"add_stripe_card":"Agregar tarjeta",
	"signup_term_privacy_text":"Ho letto, compreso e accetto il ProntoPsy",
	"privacy_text":"Informativa sui dati e sulla privacy.",
	"terms_text":"Termini e condizioni",
	"age_alert_msg":"L'età dovrebbe essere di 18 anni",
	"user_card_added_msg":"La tua carta è già stata aggiunta. Se desideri modificare o aggiornare la tua carta, inserisci i dettagli della carta e fai clic sul pulsante Aggiungi carta.",
	"payment_amount":"Importo del pagamento",
	"payment_status":"Stato del pagamento",
	"appointment_id":"ID appuntamento",
	"signup_validation_msg":"Si prega di accettare i nostri termini e condizioni, politiche sulla privacy facendo clic sulla casella di controllo",
	"address_information":"Address Information",
	"birth_information":"Informazioni sulla nascita",
	"connecting":"Collegamento",
	"success_authorized":"Pagamento autorizzato con successo, ora fai clic sul pulsante Chiama ora per avviare la chiamata",
	"msg_validation":"Inserisci il testo prima dell'invio",
	"file_validation":"Allega almeno un file prima dell'invio",
	"file_validation":"Attach atleast one file before sending",
	"payment_pending":"Il pagamento in sospeso verrà autorizzato entro 7 giorni dall'appuntamento.",
	"payment_captured":"Il pagamento è stato acquisito correttamente.",
	"payment_authorised":"Il pagamento autorizzato verrà acquisito automaticamente dopo un po '.",
	"payment_release":"Il pagamento verrà trasferito sul conto del cliente entro 2-3 giorni come da politica di striping.",
	"less_than_one_minute_msg":"Se la durata della chiamata è inferiore a 1 minuti, ti verranno addebitati 1 minuti",
	"are_you_registered_psychologist":"SEI UNO PSICOLOGO REGISTRATO?",
	"footer_text":"Inizia a offrire consulenza online oggi! Ovunque tu sia nel mondo, quando vuoi, qualsiasi campo di competenza in cui sei specializzato! Scegli tu quanto tempo dedicare alle tue consultazioni quotidiane, se decidi di essere online in tempo reale o ad orari programmati in base alla tua disponibilità, più tempo sei disponibile online, più utenti possono raggiungerti! Scegli la tua tariffa al minuto “È nato un nuovo concetto di consulenza psicologica online! Sentiti libero, sii pronto! ”",
	"website_by":"Sito web di",
	"no_notifications":"Nessuna notifica",
	"set":"Impostato",
	"online":"in linea",
	"offline":"Disconnesso",
	"busy":"Occupato",
	"consultant_business_information":"Informazioni aziendali del consulente",
	"consultant_name":"Nome del consulente",
	"servic_information":"Informazioni sul servizio",
	"direct_access_online_psychological_counseling":"Consulenza psicologica online ad accesso diretto",
	"on_scheduled_online_psychological_counselling":"Consulenza psicologica online programmata",
	"appointment_date":"Data dell'appuntamento",
	"start_time":"Ora di inizio",
	"end_time":"Tempo scaduto",
	"client_business_information":"Informazioni sull'attività del cliente",
	"authorized":"Autorizzato",
	"captured":"Catturato",
	"authorize_failed":"Autorizzazione non riuscita",
	"payment_released":"Pagamento rilasciato",
	"capture_failed":"Acquisizione non riuscita",
	"total_duration_time":"Tempo di durata totale",
	"authorize_amount":"Autorizza importo",
	"payable_amount":"Importo pagabile",
	"captured_amount":"Importo catturato",
	"total_amount":"Importo totale",
	"admin_percentage":"Percentuale di amministrazione",
	"admin_amount":"Importo amministratore",
	"payout_amount":"Importo del pagamento",
	"total_amount_to_be_invoiced_to_the_customer":"Importo totale da fatturare al cliente",
	"disclaimer":"Disclaimer",
	"no_data_found":"Nessun dato trovato",
	"it_seems_no_reviews_given":"Sembra che non ci siano ancora recensioni",
	"pending":"in attesa di"
}
